{
  "codeListTag" : "CodeList59",
  "codeListType" : "STATIC",
  "codeName" : "CodeList59",
  "dynaInstMode" : 0,
  "dynaModelFilePath" : "PSCODELISTS/CodeList59.json",
  "emptyText" : "未定义",
  "name" : "时区",
  "getPSCodeItems" : [ {
    "codeName" : "Etc_gmt_ADD_12",
    "text" : "(UTC-12:00)GMT-12:00",
    "value" : "Etc/GMT+12"
  }, {
    "codeName" : "Etc_gmt_ADD_11",
    "text" : "(UTC-11:00)GMT-11:00",
    "value" : "Etc/GMT+11"
  }, {
    "codeName" : "Mit",
    "text" : "(UTC-11:00)West Samoa Time",
    "value" : "MIT"
  }, {
    "codeName" : "Pacific_midway",
    "text" : "(UTC-11:00)Samoa Standard Time",
    "value" : "Pacific/Midway"
  }, {
    "codeName" : "Pacific_niue",
    "text" : "(UTC-11:00)Niue Time",
    "value" : "Pacific/Niue"
  }, {
    "codeName" : "America_adak",
    "text" : "(UTC-10:00)Hawaii-Aleutian Standard Time",
    "value" : "America/Adak"
  }, {
    "codeName" : "Etc_gmt_ADD_10",
    "text" : "(UTC-10:00)GMT-10:00",
    "value" : "Etc/GMT+10"
  }, {
    "codeName" : "Hst",
    "text" : "(UTC-10:00)Hawaii Standard Time",
    "value" : "HST"
  }, {
    "codeName" : "Pacific_fakaofo",
    "text" : "(UTC-10:00)Tokelau Time",
    "value" : "Pacific/Fakaofo"
  }, {
    "codeName" : "Pacific_rarotonga",
    "text" : "(UTC-10:00)Cook Is. Time",
    "value" : "Pacific/Rarotonga"
  }, {
    "codeName" : "Pacific_tahiti",
    "text" : "(UTC-10:00)Tahiti Time",
    "value" : "Pacific/Tahiti"
  }, {
    "codeName" : "Pacific_marquesas",
    "text" : "(UTC-9:00)Marquesas Time",
    "value" : "Pacific/Marquesas"
  }, {
    "codeName" : "Ast",
    "text" : "(UTC-9:00)Alaska Standard Time",
    "value" : "AST"
  }, {
    "codeName" : "Etc_gmt_ADD_9",
    "text" : "(UTC-9:00)GMT-09:00",
    "value" : "Etc/GMT+9"
  }, {
    "codeName" : "Pacific_gambier",
    "text" : "(UTC-9:00)Gambier Time",
    "value" : "Pacific/Gambier"
  }, {
    "codeName" : "America_dawson",
    "text" : "(UTC-8:00)Pacific Standard Time",
    "value" : "America/Dawson"
  }, {
    "codeName" : "Etc_gmt_ADD_8",
    "text" : "(UTC-8:00)GMT-08:00",
    "value" : "Etc/GMT+8"
  }, {
    "codeName" : "Pacific_pitcairn",
    "text" : "(UTC-8:00)Pitcairn Standard Time",
    "value" : "Pacific/Pitcairn"
  }, {
    "codeName" : "America_boise",
    "text" : "(UTC-7:00)Mountain Standard Time",
    "value" : "America/Boise"
  }, {
    "codeName" : "Etc_gmt_ADD_7",
    "text" : "(UTC-7:00)GMT-07:00",
    "value" : "Etc/GMT+7"
  }, {
    "codeName" : "America_belize",
    "text" : "(UTC-6:00)Central Standard Time",
    "value" : "America/Belize"
  }, {
    "codeName" : "Chile_easterisland",
    "text" : "(UTC-6:00)Easter Is. Time",
    "value" : "Chile/EasterIsland"
  }, {
    "codeName" : "Etc_gmt_ADD_6",
    "text" : "(UTC-6:00)GMT-06:00",
    "value" : "Etc/GMT+6"
  }, {
    "codeName" : "Pacific_galapagos",
    "text" : "(UTC-6:00)Galapagos Time",
    "value" : "Pacific/Galapagos"
  }, {
    "codeName" : "America_atikokan",
    "text" : "(UTC-5:00)Eastern Standard Time",
    "value" : "America/Atikokan"
  }, {
    "codeName" : "America_bogota",
    "text" : "(UTC-5:00)Colombia Time",
    "value" : "America/Bogota"
  }, {
    "codeName" : "America_eirunepe",
    "text" : "(UTC-5:00)Acre Time",
    "value" : "America/Eirunepe"
  }, {
    "codeName" : "America_guayaquil",
    "text" : "(UTC-5:00)Ecuador Time",
    "value" : "America/Guayaquil"
  }, {
    "codeName" : "America_havana",
    "text" : "(UTC-5:00)Cuba Standard Time",
    "value" : "America/Havana"
  }, {
    "codeName" : "America_lima",
    "text" : "(UTC-5:00)Peru Time",
    "value" : "America/Lima"
  }, {
    "codeName" : "Etc_gmt_ADD_5",
    "text" : "(UTC-5:00)GMT-05:00",
    "value" : "Etc/GMT+5"
  }, {
    "codeName" : "America_caracas",
    "text" : "(UTC-4:00)Venezuela Time",
    "value" : "America/Caracas"
  }, {
    "codeName" : "America_anguilla",
    "text" : "(UTC-4:00)Atlantic Standard Time",
    "value" : "America/Anguilla"
  }, {
    "codeName" : "America_asuncion",
    "text" : "(UTC-4:00)Paraguay Time",
    "value" : "America/Asuncion"
  }, {
    "codeName" : "America_boa_vista",
    "text" : "(UTC-4:00)Amazon Time",
    "value" : "America/Boa_Vista"
  }, {
    "codeName" : "America_guyana",
    "text" : "(UTC-4:00)Guyana Time",
    "value" : "America/Guyana"
  }, {
    "codeName" : "America_la_paz",
    "text" : "(UTC-4:00)Bolivia Time",
    "value" : "America/La_Paz"
  }, {
    "codeName" : "America_santiago",
    "text" : "(UTC-4:00)Chile Time",
    "value" : "America/Santiago"
  }, {
    "codeName" : "Atlantic_stanley",
    "text" : "(UTC-4:00)Falkland Is. Time",
    "value" : "Atlantic/Stanley"
  }, {
    "codeName" : "Etc_gmt_ADD_4",
    "text" : "(UTC-4:00)GMT-04:00",
    "value" : "Etc/GMT+4"
  }, {
    "codeName" : "America_st_johns",
    "text" : "(UTC-3:00)Newfoundland Standard Time",
    "value" : "America/St_Johns"
  }, {
    "codeName" : "Agt",
    "text" : "(UTC-3:00)Argentine Time",
    "value" : "AGT"
  }, {
    "codeName" : "America_araguaina",
    "text" : "(UTC-3:00)Brasilia Time",
    "value" : "America/Araguaina"
  }, {
    "codeName" : "America_cayenne",
    "text" : "(UTC-3:00)French Guiana Time",
    "value" : "America/Cayenne"
  }, {
    "codeName" : "America_godthab",
    "text" : "(UTC-3:00)Western Greenland Time",
    "value" : "America/Godthab"
  }, {
    "codeName" : "America_miquelon",
    "text" : "(UTC-3:00)Pierre & Miquelon Standard Time",
    "value" : "America/Miquelon"
  }, {
    "codeName" : "America_montevideo",
    "text" : "(UTC-3:00)Uruguay Time",
    "value" : "America/Montevideo"
  }, {
    "codeName" : "America_paramaribo",
    "text" : "(UTC-3:00)Suriname Time",
    "value" : "America/Paramaribo"
  }, {
    "codeName" : "Antarctica_rothera",
    "text" : "(UTC-3:00)Rothera Time",
    "value" : "Antarctica/Rothera"
  }, {
    "codeName" : "Etc_gmt_ADD_3",
    "text" : "(UTC-3:00)GMT-03:00",
    "value" : "Etc/GMT+3"
  }, {
    "codeName" : "America_noronha",
    "text" : "(UTC-2:00)Fernando de Noronha Time",
    "value" : "America/Noronha"
  }, {
    "codeName" : "Atlantic_south_georgia",
    "text" : "(UTC-2:00)South Georgia Standard Time",
    "value" : "Atlantic/South_Georgia"
  }, {
    "codeName" : "Etc_gmt_ADD_2",
    "text" : "(UTC-2:00)GMT-02:00",
    "value" : "Etc/GMT+2"
  }, {
    "codeName" : "America_scoresbysund",
    "text" : "(UTC-1:00)Eastern Greenland Time",
    "value" : "America/Scoresbysund"
  }, {
    "codeName" : "Atlantic_azores",
    "text" : "(UTC-1:00)Azores Time",
    "value" : "Atlantic/Azores"
  }, {
    "codeName" : "Atlantic_cape_verde",
    "text" : "(UTC-1:00)Cape Verde Time",
    "value" : "Atlantic/Cape_Verde"
  }, {
    "codeName" : "Etc_gmt_ADD_1",
    "text" : "(UTC-1:00)GMT-01:00",
    "value" : "Etc/GMT+1"
  }, {
    "codeName" : "Africa_abidjan",
    "text" : "(UTC0:00)Greenwich Mean Time",
    "value" : "Africa/Abidjan"
  }, {
    "codeName" : "Africa_accra",
    "text" : "(UTC0:00)Ghana Mean Time",
    "value" : "Africa/Accra"
  }, {
    "codeName" : "Africa_casablanca",
    "text" : "(UTC0:00)Western European Time",
    "value" : "Africa/Casablanca"
  }, {
    "codeName" : "Etc_gmt",
    "text" : "(UTC0:00)GMT+00:00",
    "value" : "Etc/GMT"
  }, {
    "codeName" : "Etc_uct",
    "text" : "(UTC0:00)Coordinated Universal Time",
    "value" : "Etc/UCT"
  }, {
    "codeName" : "Africa_algiers",
    "text" : "(UTC+1:00)Central European Time",
    "value" : "Africa/Algiers"
  }, {
    "codeName" : "Africa_bangui",
    "text" : "(UTC+1:00)Western African Time",
    "value" : "Africa/Bangui"
  }, {
    "codeName" : "Etc_gmt_SUB_1",
    "text" : "(UTC+1:00)GMT+01:00",
    "value" : "Etc/GMT-1"
  }, {
    "codeName" : "Met",
    "text" : "(UTC+1:00)Middle Europe Time",
    "value" : "MET"
  }, {
    "codeName" : "Art",
    "text" : "(UTC+2:00)Eastern European Time",
    "value" : "ART"
  }, {
    "codeName" : "Africa_blantyre",
    "text" : "(UTC+2:00)Central African Time",
    "value" : "Africa/Blantyre"
  }, {
    "codeName" : "Africa_johannesburg",
    "text" : "(UTC+2:00)South Africa Standard Time",
    "value" : "Africa/Johannesburg"
  }, {
    "codeName" : "Asia_jerusalem",
    "text" : "(UTC+2:00)Israel Standard Time",
    "value" : "Asia/Jerusalem"
  }, {
    "codeName" : "Etc_gmt_SUB_2",
    "text" : "(UTC+2:00)GMT+02:00",
    "value" : "Etc/GMT-2"
  }, {
    "codeName" : "Africa_addis_ababa",
    "text" : "(UTC+3:00)Eastern African Time",
    "value" : "Africa/Addis_Ababa"
  }, {
    "codeName" : "Antarctica_syowa",
    "text" : "(UTC+3:00)Syowa Time",
    "value" : "Antarctica/Syowa"
  }, {
    "codeName" : "Asia_aden",
    "text" : "(UTC+3:00)Arabia Standard Time",
    "value" : "Asia/Aden"
  }, {
    "codeName" : "Etc_gmt_SUB_3",
    "text" : "(UTC+3:00)GMT+03:00",
    "value" : "Etc/GMT-3"
  }, {
    "codeName" : "Europe_moscow",
    "text" : "(UTC+3:00)Moscow Standard Time",
    "value" : "Europe/Moscow"
  }, {
    "codeName" : "Europe_volgograd",
    "text" : "(UTC+3:00)Volgograd Time",
    "value" : "Europe/Volgograd"
  }, {
    "codeName" : "Asia_riyadh87",
    "text" : "(UTC+3:00)GMT+03:07",
    "value" : "Asia/Riyadh87"
  }, {
    "codeName" : "Asia_tehran",
    "text" : "(UTC+3:00)Iran Standard Time",
    "value" : "Asia/Tehran"
  }, {
    "codeName" : "Asia_baku",
    "text" : "(UTC+4:00)Azerbaijan Time",
    "value" : "Asia/Baku"
  }, {
    "codeName" : "Asia_dubai",
    "text" : "(UTC+4:00)Gulf Standard Time",
    "value" : "Asia/Dubai"
  }, {
    "codeName" : "Asia_tbilisi",
    "text" : "(UTC+4:00)Georgia Time",
    "value" : "Asia/Tbilisi"
  }, {
    "codeName" : "Asia_yerevan",
    "text" : "(UTC+4:00)Armenia Time",
    "value" : "Asia/Yerevan"
  }, {
    "codeName" : "Etc_gmt_SUB_4",
    "text" : "(UTC+4:00)GMT+04:00",
    "value" : "Etc/GMT-4"
  }, {
    "codeName" : "Europe_samara",
    "text" : "(UTC+4:00)Samara Time",
    "value" : "Europe/Samara"
  }, {
    "codeName" : "Indian_mahe",
    "text" : "(UTC+4:00)Seychelles Time",
    "value" : "Indian/Mahe"
  }, {
    "codeName" : "Indian_mauritius",
    "text" : "(UTC+4:00)Mauritius Time",
    "value" : "Indian/Mauritius"
  }, {
    "codeName" : "Indian_reunion",
    "text" : "(UTC+4:00)Reunion Time",
    "value" : "Indian/Reunion"
  }, {
    "codeName" : "Asia_kabul",
    "text" : "(UTC+4:00)Afghanistan Time",
    "value" : "Asia/Kabul"
  }, {
    "codeName" : "Asia_aqtau",
    "text" : "(UTC+5:00)Aqtau Time",
    "value" : "Asia/Aqtau"
  }, {
    "codeName" : "Asia_aqtobe",
    "text" : "(UTC+5:00)Aqtobe Time",
    "value" : "Asia/Aqtobe"
  }, {
    "codeName" : "Asia_ashgabat",
    "text" : "(UTC+5:00)Turkmenistan Time",
    "value" : "Asia/Ashgabat"
  }, {
    "codeName" : "Asia_dushanbe",
    "text" : "(UTC+5:00)Tajikistan Time",
    "value" : "Asia/Dushanbe"
  }, {
    "codeName" : "Asia_karachi",
    "text" : "(UTC+5:00)Pakistan Time",
    "value" : "Asia/Karachi"
  }, {
    "codeName" : "Asia_oral",
    "text" : "(UTC+5:00)Oral Time",
    "value" : "Asia/Oral"
  }, {
    "codeName" : "Asia_samarkand",
    "text" : "(UTC+5:00)Uzbekistan Time",
    "value" : "Asia/Samarkand"
  }, {
    "codeName" : "Asia_yekaterinburg",
    "text" : "(UTC+5:00)Yekaterinburg Time",
    "value" : "Asia/Yekaterinburg"
  }, {
    "codeName" : "Etc_gmt_SUB_5",
    "text" : "(UTC+5:00)GMT+05:00",
    "value" : "Etc/GMT-5"
  }, {
    "codeName" : "Indian_kerguelen",
    "text" : "(UTC+5:00)French Southern & Antarctic Lands Time",
    "value" : "Indian/Kerguelen"
  }, {
    "codeName" : "Indian_maldives",
    "text" : "(UTC+5:00)Maldives Time",
    "value" : "Indian/Maldives"
  }, {
    "codeName" : "Asia_calcutta",
    "text" : "(UTC+5:00)India Standard Time",
    "value" : "Asia/Calcutta"
  }, {
    "codeName" : "Asia_katmandu",
    "text" : "(UTC+5:00)Nepal Time",
    "value" : "Asia/Katmandu"
  }, {
    "codeName" : "Antarctica_mawson",
    "text" : "(UTC+6:00)Mawson Time",
    "value" : "Antarctica/Mawson"
  }, {
    "codeName" : "Antarctica_vostok",
    "text" : "(UTC+6:00)Vostok Time",
    "value" : "Antarctica/Vostok"
  }, {
    "codeName" : "Asia_almaty",
    "text" : "(UTC+6:00)Alma-Ata Time",
    "value" : "Asia/Almaty"
  }, {
    "codeName" : "Asia_bishkek",
    "text" : "(UTC+6:00)Kirgizstan Time",
    "value" : "Asia/Bishkek"
  }, {
    "codeName" : "Asia_dacca",
    "text" : "(UTC+6:00)Bangladesh Time",
    "value" : "Asia/Dacca"
  }, {
    "codeName" : "Asia_novosibirsk",
    "text" : "(UTC+6:00)Novosibirsk Time",
    "value" : "Asia/Novosibirsk"
  }, {
    "codeName" : "Asia_omsk",
    "text" : "(UTC+6:00)Omsk Time",
    "value" : "Asia/Omsk"
  }, {
    "codeName" : "Asia_qyzylorda",
    "text" : "(UTC+6:00)Qyzylorda Time",
    "value" : "Asia/Qyzylorda"
  }, {
    "codeName" : "Asia_thimbu",
    "text" : "(UTC+6:00)Bhutan Time",
    "value" : "Asia/Thimbu"
  }, {
    "codeName" : "Etc_gmt_SUB_6",
    "text" : "(UTC+6:00)GMT+06:00",
    "value" : "Etc/GMT-6"
  }, {
    "codeName" : "Indian_chagos",
    "text" : "(UTC+6:00)Indian Ocean Territory Time",
    "value" : "Indian/Chagos"
  }, {
    "codeName" : "Asia_rangoon",
    "text" : "(UTC+6:00)Myanmar Time",
    "value" : "Asia/Rangoon"
  }, {
    "codeName" : "Indian_cocos",
    "text" : "(UTC+6:00)Cocos Islands Time",
    "value" : "Indian/Cocos"
  }, {
    "codeName" : "Antarctica_davis",
    "text" : "(UTC+7:00)Davis Time",
    "value" : "Antarctica/Davis"
  }, {
    "codeName" : "Asia_bangkok",
    "text" : "(UTC+7:00)Indochina Time",
    "value" : "Asia/Bangkok"
  }, {
    "codeName" : "Asia_hovd",
    "text" : "(UTC+7:00)Hovd Time",
    "value" : "Asia/Hovd"
  }, {
    "codeName" : "Asia_jakarta",
    "text" : "(UTC+7:00)West Indonesia Time",
    "value" : "Asia/Jakarta"
  }, {
    "codeName" : "Asia_krasnoyarsk",
    "text" : "(UTC+7:00)Krasnoyarsk Time",
    "value" : "Asia/Krasnoyarsk"
  }, {
    "codeName" : "Etc_gmt_SUB_7",
    "text" : "(UTC+7:00)GMT+07:00",
    "value" : "Etc/GMT-7"
  }, {
    "codeName" : "Indian_christmas",
    "text" : "(UTC+7:00)Christmas Island Time",
    "value" : "Indian/Christmas"
  }, {
    "codeName" : "Antarctica_casey",
    "text" : "(UTC+8:00)Western Standard Time (Australia)",
    "value" : "Antarctica/Casey"
  }, {
    "codeName" : "Asia_brunei",
    "text" : "(UTC+8:00)Brunei Time",
    "value" : "Asia/Brunei"
  }, {
    "codeName" : "Asia_choibalsan",
    "text" : "(UTC+8:00)Choibalsan Time",
    "value" : "Asia/Choibalsan"
  }, {
    "codeName" : "Asia_shanghai",
    "text" : "(UTC+8:00)China Standard Time",
    "value" : "Asia/Shanghai"
  }, {
    "codeName" : "Asia_hong_kong",
    "text" : "(UTC+8:00)Hong Kong Time",
    "value" : "Asia/Hong_Kong"
  }, {
    "codeName" : "Asia_irkutsk",
    "text" : "(UTC+8:00)Irkutsk Time",
    "value" : "Asia/Irkutsk"
  }, {
    "codeName" : "Asia_kuala_lumpur",
    "text" : "(UTC+8:00)Malaysia Time",
    "value" : "Asia/Kuala_Lumpur"
  }, {
    "codeName" : "Asia_makassar",
    "text" : "(UTC+8:00)Central Indonesia Time",
    "value" : "Asia/Makassar"
  }, {
    "codeName" : "Asia_manila",
    "text" : "(UTC+8:00)Philippines Time",
    "value" : "Asia/Manila"
  }, {
    "codeName" : "Asia_singapore",
    "text" : "(UTC+8:00)Singapore Time",
    "value" : "Asia/Singapore"
  }, {
    "codeName" : "Asia_ulaanbaatar",
    "text" : "(UTC+8:00)Ulaanbaatar Time",
    "value" : "Asia/Ulaanbaatar"
  }, {
    "codeName" : "Etc_gmt_SUB_8",
    "text" : "(UTC+8:00)GMT+08:00",
    "value" : "Etc/GMT-8"
  }, {
    "codeName" : "Australia_eucla",
    "text" : "(UTC+8:00)Central Western Standard Time (Australia)",
    "value" : "Australia/Eucla"
  }, {
    "codeName" : "Asia_dili",
    "text" : "(UTC+9:00)Timor-Leste Time",
    "value" : "Asia/Dili"
  }, {
    "codeName" : "Asia_jayapura",
    "text" : "(UTC+9:00)East Indonesia Time",
    "value" : "Asia/Jayapura"
  }, {
    "codeName" : "Asia_pyongyang",
    "text" : "(UTC+9:00)Korea Standard Time",
    "value" : "Asia/Pyongyang"
  }, {
    "codeName" : "Asia_tokyo",
    "text" : "(UTC+9:00)Japan Standard Time",
    "value" : "Asia/Tokyo"
  }, {
    "codeName" : "Asia_yakutsk",
    "text" : "(UTC+9:00)Yakutsk Time",
    "value" : "Asia/Yakutsk"
  }, {
    "codeName" : "Etc_gmt_SUB_9",
    "text" : "(UTC+9:00)GMT+09:00",
    "value" : "Etc/GMT-9"
  }, {
    "codeName" : "Pacific_palau",
    "text" : "(UTC+9:00)Palau Time",
    "value" : "Pacific/Palau"
  }, {
    "codeName" : "Act",
    "text" : "(UTC+9:00)Central Standard Time (Northern Territory)",
    "value" : "ACT"
  }, {
    "codeName" : "Australia_adelaide",
    "text" : "(UTC+9:00)Central Standard Time (South Australia)",
    "value" : "Australia/Adelaide"
  }, {
    "codeName" : "Australia_broken_hill",
    "text" : "(UTC+9:00)Central Standard Time (South Australia/New South Wales)",
    "value" : "Australia/Broken_Hill"
  }, {
    "codeName" : "Aet",
    "text" : "(UTC+10:00)Eastern Standard Time (New South Wales)",
    "value" : "AET"
  }, {
    "codeName" : "Antarctica_dumontdurville",
    "text" : "(UTC+10:00)Dumont-d|Urville Time",
    "value" : "Antarctica/DumontDUrville"
  }, {
    "codeName" : "Asia_sakhalin",
    "text" : "(UTC+10:00)Sakhalin Time",
    "value" : "Asia/Sakhalin"
  }, {
    "codeName" : "Asia_vladivostok",
    "text" : "(UTC+10:00)Vladivostok Time",
    "value" : "Asia/Vladivostok"
  }, {
    "codeName" : "Australia_brisbane",
    "text" : "(UTC+10:00)Eastern Standard Time (Queensland)",
    "value" : "Australia/Brisbane"
  }, {
    "codeName" : "Australia_hobart",
    "text" : "(UTC+10:00)Eastern Standard Time (Tasmania)",
    "value" : "Australia/Hobart"
  }, {
    "codeName" : "Australia_melbourne",
    "text" : "(UTC+10:00)Eastern Standard Time (Victoria)",
    "value" : "Australia/Melbourne"
  }, {
    "codeName" : "Etc_gmt_SUB_10",
    "text" : "(UTC+10:00)GMT+10:00",
    "value" : "Etc/GMT-10"
  }, {
    "codeName" : "Pacific_guam",
    "text" : "(UTC+10:00)Chamorro Standard Time",
    "value" : "Pacific/Guam"
  }, {
    "codeName" : "Pacific_port_moresby",
    "text" : "(UTC+10:00)Papua New Guinea Time",
    "value" : "Pacific/Port_Moresby"
  }, {
    "codeName" : "Pacific_truk",
    "text" : "(UTC+10:00)Truk Time",
    "value" : "Pacific/Truk"
  }, {
    "codeName" : "Australia_lhi",
    "text" : "(UTC+10:00)Lord Howe Standard Time",
    "value" : "Australia/LHI"
  }, {
    "codeName" : "Asia_magadan",
    "text" : "(UTC+11:00)Magadan Time",
    "value" : "Asia/Magadan"
  }, {
    "codeName" : "Etc_gmt_SUB_11",
    "text" : "(UTC+11:00)GMT+11:00",
    "value" : "Etc/GMT-11"
  }, {
    "codeName" : "Pacific_efate",
    "text" : "(UTC+11:00)Vanuatu Time",
    "value" : "Pacific/Efate"
  }, {
    "codeName" : "Pacific_guadalcanal",
    "text" : "(UTC+11:00)Solomon Is. Time",
    "value" : "Pacific/Guadalcanal"
  }, {
    "codeName" : "Pacific_kosrae",
    "text" : "(UTC+11:00)Kosrae Time",
    "value" : "Pacific/Kosrae"
  }, {
    "codeName" : "Pacific_noumea",
    "text" : "(UTC+11:00)New Caledonia Time",
    "value" : "Pacific/Noumea"
  }, {
    "codeName" : "Pacific_ponape",
    "text" : "(UTC+11:00)Ponape Time",
    "value" : "Pacific/Ponape"
  }, {
    "codeName" : "Pacific_norfolk",
    "text" : "(UTC+11:00)Norfolk Time",
    "value" : "Pacific/Norfolk"
  }, {
    "codeName" : "Antarctica_mcmurdo",
    "text" : "(UTC+12:00)New Zealand Standard Time",
    "value" : "Antarctica/McMurdo"
  }, {
    "codeName" : "Asia_anadyr",
    "text" : "(UTC+12:00)Anadyr Time",
    "value" : "Asia/Anadyr"
  }, {
    "codeName" : "Asia_kamchatka",
    "text" : "(UTC+12:00)Petropavlovsk-Kamchatski Time",
    "value" : "Asia/Kamchatka"
  }, {
    "codeName" : "Etc_gmt_SUB_12",
    "text" : "(UTC+12:00)GMT+12:00",
    "value" : "Etc/GMT-12"
  }, {
    "codeName" : "Kwajalein",
    "text" : "(UTC+12:00)Marshall Islands Time",
    "value" : "Kwajalein"
  }, {
    "codeName" : "Pacific_fiji",
    "text" : "(UTC+12:00)Fiji Time",
    "value" : "Pacific/Fiji"
  }, {
    "codeName" : "Pacific_funafuti",
    "text" : "(UTC+12:00)Tuvalu Time",
    "value" : "Pacific/Funafuti"
  }, {
    "codeName" : "Pacific_nauru",
    "text" : "(UTC+12:00)Nauru Time",
    "value" : "Pacific/Nauru"
  }, {
    "codeName" : "Pacific_tarawa",
    "text" : "(UTC+12:00)Gilbert Is. Time",
    "value" : "Pacific/Tarawa"
  }, {
    "codeName" : "Pacific_wake",
    "text" : "(UTC+12:00)Wake Time",
    "value" : "Pacific/Wake"
  }, {
    "codeName" : "Pacific_wallis",
    "text" : "(UTC+12:00)Wallis & Futuna Time",
    "value" : "Pacific/Wallis"
  }, {
    "codeName" : "Nz_SUB_chat",
    "text" : "(UTC+12:00)Chatham Standard Time",
    "value" : "NZ-CHAT"
  }, {
    "codeName" : "Etc_gmt_SUB_13",
    "text" : "(UTC+13:00)GMT+13:00",
    "value" : "Etc/GMT-13"
  }, {
    "codeName" : "Pacific_enderbury",
    "text" : "(UTC+13:00)Phoenix Is. Time",
    "value" : "Pacific/Enderbury"
  }, {
    "codeName" : "Pacific_tongatapu",
    "text" : "(UTC+13:00)Tonga Time",
    "value" : "Pacific/Tongatapu"
  }, {
    "codeName" : "Etc_gmt_SUB_14",
    "text" : "(UTC+14:00)GMT+14:00",
    "value" : "Etc/GMT-14"
  }, {
    "codeName" : "Pacific_kiritimati",
    "text" : "(UTC+14:00)Line Is. Time",
    "value" : "Pacific/Kiritimati"
  } ],
  "getPSCodeListTemplId" : "CODELIST_00066",
  "refFlag" : false,
  "systemTag" : "iBizPLM",
  "codeItemValueNumber" : false,
  "enableCache" : true,
  "subSysAsCloud" : false,
  "subSysCodeList" : false,
  "userScope" : false
}